customer_id,name,country
1,George Davis,USA
2,Hannah Jackson,Germany
3,Thomas Rodriguez,India
4,Chris Hall,India
5,Sam Garcia,Japan
6,Lucy Williams,USA
7,Emma Anderson,Germany
8,Tom Flores,USA
9,Rachel Wilson,India
10,Chloe Rivera,Brazil
11,Adam Thomas,Morocco
12,Ella Jackson,Mexico
13,John Roberts,Mexico
14,Robert Rivera,Italy
15,Nina Jackson,UK
16,Sophie Roberts,Spain
17,Chris Garcia,Italy
18,Chris White,Netherlands
19,Brian Flores,France
20,Michael Mitchell,Morocco
21,Sam Davis,Sweden
22,Eric Garcia,Brazil
23,Paul Adams,Japan
24,Clara Nguyen,Germany
25,Lily Jones,USA
26,Ryan Thomas,Mexico
27,Paul Garcia,Netherlands
28,Thomas Miller,Italy
29,Emily Walker,Australia
30,Clara Hernandez,Spain
31,Brian Anderson,Australia
32,Emily Rivera,Sweden
33,Zoe Nelson,Canada
34,Jack Adams,UK
35,Sam Mitchell,Germany
36,Robert Walker,Italy
37,Emily Adams,India
38,Rachel Thomas,Australia
39,Kevin Gomez,Mexico
40,Sarah Thomas,Netherlands
41,Michael Perez,Italy
42,Emily Jones,Germany
43,Henry Campbell,Spain
44,Sophie Nelson,Morocco
45,Julia Nelson,Morocco
46,Anna Moore,UK
47,Olivia Carter,Brazil
48,Sam Moore,India
49,Ella Lewis,Sweden
50,Ella Clark,Spain
51,Thomas Rodriguez,Brazil
52,Nora Garcia,Mexico
53,Sarah Davis,UK
54,George Hernandez,Mexico
55,Zoe Lewis,Japan
56,David Sanchez,Italy
57,Jack Walker,Brazil
58,Mark Torres,Netherlands
59,John Hall,India
60,Laura Hall,Sweden
61,Sam Roberts,France
62,Sara Nelson,Spain
63,Laura Martin,Italy
64,Robert Walker,USA
65,Leo Mitchell,France
66,Tom Roberts,UK
67,Tom Miller,Netherlands
68,George Lee,Netherlands
69,George King,Japan
70,Daniel Martinez,Spain
71,Max Hernandez,Brazil
72,Sara Wright,Sweden
73,John Flores,Spain
74,Nora Johnson,Canada
75,Clara Lee,Germany
76,Sarah Taylor,Sweden
77,Henry Garcia,Canada
78,Leo Allen,Netherlands
79,David Roberts,Brazil
80,Sara Rodriguez,UK
81,Ryan Young,Brazil
82,Robert Moore,Brazil
83,Jack Lewis,Germany
84,Sam Roberts,India
85,Owen Wilson,India
86,Linda Clark,Australia
87,Chloe Harris,Morocco
88,Alice Robinson,Canada
89,Olivia Thomas,Canada
90,Nina Johnson,Japan
91,Rachel Thomas,Japan
92,Thomas Smith,Canada
93,Lily Adams,USA
94,Thomas Jones,Sweden
95,Michael Thompson,Canada
96,Tom Taylor,France
97,Ryan Allen,Germany
98,Sam Rodriguez,India
99,Henry Nguyen,Morocco
100,Olivia Young,Mexico
101,Adam Wilson,Canada
102,Chris Baker,Italy
103,Brian Lewis,Italy
104,Grace Mitchell,USA
105,Zoe Nelson,Australia
106,Chris Brown,Italy
107,Leo Thompson,Mexico
108,Chris Taylor,Germany
109,Daniel Scott,Morocco
110,James Lewis,UK
111,Emily Walker,Germany
112,David Robinson,Mexico
113,Rachel Miller,USA
114,Chloe Scott,Netherlands
115,John Garcia,Sweden
116,Max Taylor,UK
117,Adam Allen,Morocco
118,Sophie Clark,Sweden
119,Sarah Hernandez,Italy
120,John Sanchez,France
121,Grace Martin,Italy
122,Owen Mitchell,Mexico
123,Rachel Baker,India
124,Nora Martinez,Germany
125,Paul Anderson,USA
126,Ella Carter,Brazil
127,Sarah Carter,Spain
128,Sarah Brown,Japan
129,Frank King,Sweden
130,Alice Hernandez,USA
131,Tom Garcia,Netherlands
132,Maria Jones,Japan
133,David Hall,Netherlands
134,Olivia Clark,Canada
135,Henry Taylor,Japan
136,Jack Williams,Japan
137,Emma Ramirez,Australia
138,Ella Nguyen,Brazil
139,Kevin Moore,Germany
140,Ryan Campbell,Spain
141,Olivia Moore,Italy
142,James Baker,Australia
143,Linda Walker,Spain
144,Max Jones,USA
145,Grace Green,Japan
146,Chris Jones,Brazil
147,Sophie King,France
148,James White,Sweden
149,David Taylor,Spain
150,Paul Hernandez,Morocco
151,Sam Campbell,France
152,Mia Nelson,Brazil
153,John Baker,Netherlands
154,Rachel Lee,Sweden
155,Ryan Miller,Sweden
156,James Moore,Canada
157,Chris Carter,Brazil
158,Anna Jackson,France
159,Jack Anderson,India
160,Nina Anderson,Australia
161,George Moore,Brazil
162,Nora Moore,Sweden
163,Sarah Garcia,Australia
164,Lucy Jackson,USA
165,John Thompson,Mexico
166,James Adams,France
167,Robert Carter,Morocco
168,Rachel Campbell,Italy
169,Rachel Smith,Canada
170,David Rivera,Sweden
171,Anna Scott,USA
172,Clara Hill,Brazil
173,Anna Lewis,UK
174,Michael Lee,Spain
175,Michael White,Germany
176,Zoe Taylor,Australia
177,Chris White,Mexico
178,Rachel Ramirez,Japan
179,Hannah Martinez,Sweden
180,Olivia Hernandez,Mexico
181,Maria Ramirez,USA
182,Maria Carter,Sweden
183,Nina Ramirez,Mexico
184,Ryan Carter,Mexico
185,Olivia Jackson,UK
186,Owen Miller,Italy
187,Michael Young,Germany
188,Daniel Walker,Spain
189,Linda Thomas,Germany
190,Jane Baker,Germany
191,Julia Thompson,France
192,David Gomez,France
193,Brian Nelson,Brazil
194,Julia Hall,Netherlands
195,Sam Thompson,USA
196,Laura Moore,UK
197,Ella Moore,USA
198,Chris Flores,Italy
199,Brian Mitchell,Mexico
200,Kevin Lewis,Japan
201,Tom Davis,Italy
202,Henry Wilson,France
203,Michael Campbell,Italy
204,John Wright,Sweden
205,Sam Hall,India
206,Hannah Carter,Australia
207,Daniel Harris,Italy
208,David Baker,Sweden
209,Nina Green,Spain
210,Ryan Davis,India
211,Linda King,France
212,Ryan Ramirez,Spain
213,Julia Rivera,France
214,Rachel Rodriguez,Germany
215,Adam Baker,Italy
216,Zoe Carter,Sweden
217,Maria Green,Japan
218,Linda Clark,Brazil
219,John Lee,France
220,Sophie Lewis,Mexico
221,Ella Flores,Australia
222,Kevin Walker,Morocco
223,Peter Hall,Germany
224,Tom Young,Mexico
225,Hannah Hernandez,Australia
226,Emma Martin,Brazil
227,Ryan Adams,Japan
228,Nina Garcia,Netherlands
229,Max Taylor,Australia
230,Linda Thomas,Mexico
231,Daniel Martinez,USA
232,Michael Taylor,Morocco
233,Mia Gomez,Canada
234,Grace Ramirez,Sweden
235,George Nguyen,Germany
236,Lily Rivera,Italy
237,Nora Clark,Germany
238,Anna Nelson,India
239,John Roberts,Netherlands
240,Sara Miller,Mexico
241,Lucy Thomas,UK
242,Owen Wright,Morocco
243,Sarah Torres,Germany
244,Laura Walker,UK
245,Grace Baker,Brazil
246,Rachel Flores,Spain
247,Max Robinson,Japan
248,Leo King,Italy
249,Rachel Robinson,Sweden
250,Robert Carter,Netherlands
